{"frames": [{"frame_index": 0, "joints": [{"identity": "2", "joint": {"x": 0.5824218750000001, "y": 0.2583333333333333}}, {"identity": "3", "joint": {"x": 0.475, "y": 0.2826388888888889}}, {"identity": "0", "joint": {"x": 0.7630859375, "y": 0.3055555555555556}}, {"identity": "4", "joint": {"x": 0.475390625, "y": 0.3076388888888889}}]}, {"frame_index": 1, "joints": [{"identity": "3", "joint": {"x": 0.474609375, "y": 0.278125}}, {"identity": "0", "joint": {"x": 0.7615234375, "y": 0.30069444444444443}}, {"identity": "4", "joint": {"x": 0.4767578125, "y": 0.2972222222222222}}, {"identity": "2", "joint": {"x": 0.581640625, "y": 0.2548611111111111}}]}, {"frame_index": 2, "joints": [{"identity": "0", "joint": {"x": 0.760546875, "y": 0.2965277777777778}}, {"identity": "3", "joint": {"x": 0.47441406249999996, "y": 0.275}}, {"identity": "2", "joint": {"x": 0.580859375, "y": 0.25}}, {"identity": "4", "joint": {"x": 0.4783203125, "y": 0.2875}}]}, {"frame_index": 3, "joints": [{"identity": "2", "joint": {"x": 0.578515625, "y": 0.24027777777777776}}, {"identity": "3", "joint": {"x": 0.47265625, "y": 0.26875}}, {"identity": "4", "joint": {"x": 0.4759765625, "y": 0.27569444444444446}}, {"identity": "0", "joint": {"x": 0.7578125, "y": 0.28888888888888886}}]}, {"frame_index": 4, "joints": [{"identity": "4", "joint": {"x": 0.4732421875, "y": 0.2597222222222222}}, {"identity": "3", "joint": {"x": 0.466796875, "y": 0.2548611111111111}}, {"identity": "2", "joint": {"x": 0.5738281249999999, "y": 0.23125}}, {"identity": "0", "joint": {"x": 0.749609375, "y": 0.27708333333333335}}]}, {"frame_index": 5, "joints": [{"identity": "3", "joint": {"x": 0.4609375, "y": 0.24861111111111112}}, {"identity": "2", "joint": {"x": 0.568359375, "y": 0.22291666666666665}}, {"identity": "4", "joint": {"x": 0.470703125, "y": 0.25069444444444444}}, {"identity": "0", "joint": {"x": 0.7439453125, "y": 0.26631944444444444}}]}, {"frame_index": 6, "joints": [{"identity": "0", "joint": {"x": 0.7345703125, "y": 0.2586805555555556}}, {"identity": "3", "joint": {"x": 0.451171875, "y": 0.24027777777777776}}, {"identity": "2", "joint": {"x": 0.5609375000000001, "y": 0.21736111111111112}}]}, {"frame_index": 7, "joints": [{"identity": "3", "joint": {"x": 0.4455078125, "y": 0.240625}}, {"identity": "2", "joint": {"x": 0.55234375, "y": 0.21597222222222223}}, {"identity": "0", "joint": {"x": 0.729296875, "y": 0.2559027777777778}}]}, {"frame_index": 8, "joints": [{"identity": "0", "joint": {"x": 0.724609375, "y": 0.25451388888888893}}, {"identity": "2", "joint": {"x": 0.54375, "y": 0.21458333333333332}}, {"identity": "3", "joint": {"x": 0.44023437499999996, "y": 0.23958333333333334}}]}, {"frame_index": 9, "joints": [{"identity": "3", "joint": {"x": 0.435546875, "y": 0.24131944444444445}}, {"identity": "0", "joint": {"x": 0.7208984375, "y": 0.2583333333333333}}, {"identity": "2", "joint": {"x": 0.5375000000000001, "y": 0.2152777777777778}}]}, {"frame_index": 10, "joints": [{"identity": "2", "joint": {"x": 0.5296875, "y": 0.22083333333333333}}, {"identity": "3", "joint": {"x": 0.42890625, "y": 0.24583333333333335}}, {"identity": "0", "joint": {"x": 0.71953125, "y": 0.2638888888888889}}]}, {"frame_index": 11, "joints": [{"identity": "2", "joint": {"x": 0.519921875, "y": 0.21736111111111112}}, {"identity": "0", "joint": {"x": 0.7185546875, "y": 0.26388888888888884}}, {"identity": "3", "joint": {"x": 0.4232421875, "y": 0.24548611111111113}}]}, {"frame_index": 12, "joints": [{"identity": "3", "joint": {"x": 0.41718750000000004, "y": 0.24375000000000002}}, {"identity": "0", "joint": {"x": 0.7193359374999999, "y": 0.26388888888888884}}, {"identity": "2", "joint": {"x": 0.51171875, "y": 0.21597222222222223}}]}, {"frame_index": 13, "joints": [{"identity": "3", "joint": {"x": 0.4134765625, "y": 0.24270833333333333}}, {"identity": "2", "joint": {"x": 0.50390625, "y": 0.21805555555555556}}, {"identity": "0", "joint": {"x": 0.7205078125, "y": 0.26493055555555556}}]}, {"frame_index": 14, "joints": [{"identity": "3", "joint": {"x": 0.4123046875, "y": 0.2423611111111111}}, {"identity": "2", "joint": {"x": 0.49921875, "y": 0.21805555555555556}}, {"identity": "0", "joint": {"x": 0.7242187499999999, "y": 0.26805555555555555}}]}, {"frame_index": 15, "joints": [{"identity": "1", "joint": {"x": 0.573046875, "y": 0.2065972222222222}}, {"identity": "2", "joint": {"x": 0.494140625, "y": 0.21666666666666667}}, {"identity": "3", "joint": {"x": 0.412109375, "y": 0.24166666666666667}}, {"identity": "0", "joint": {"x": 0.728515625, "y": 0.2642361111111111}}]}, {"frame_index": 16, "joints": [{"identity": "1", "joint": {"x": 0.574609375, "y": 0.20381944444444444}}, {"identity": "2", "joint": {"x": 0.4921875, "y": 0.20902777777777778}}, {"identity": "3", "joint": {"x": 0.4125, "y": 0.24166666666666667}}, {"identity": "0", "joint": {"x": 0.7359375, "y": 0.2579861111111111}}]}, {"frame_index": 17, "joints": [{"identity": "0", "joint": {"x": 0.7396484375, "y": 0.2517361111111111}}, {"identity": "3", "joint": {"x": 0.414453125, "y": 0.24270833333333333}}, {"identity": "2", "joint": {"x": 0.490234375, "y": 0.21388888888888888}}, {"identity": "1", "joint": {"x": 0.5746093750000001, "y": 0.20451388888888888}}]}, {"frame_index": 18, "joints": [{"identity": "0", "joint": {"x": 0.746484375, "y": 0.25}}, {"identity": "3", "joint": {"x": 0.41679687499999996, "y": 0.2465277777777778}}, {"identity": "1", "joint": {"x": 0.576171875, "y": 0.20520833333333333}}, {"identity": "2", "joint": {"x": 0.490234375, "y": 0.21805555555555556}}]}, {"frame_index": 19, "joints": [{"identity": "1", "joint": {"x": 0.57578125, "y": 0.2065972222222222}}, {"identity": "0", "joint": {"x": 0.750390625, "y": 0.24756944444444445}}, {"identity": "2", "joint": {"x": 0.486328125, "y": 0.21875}}, {"identity": "3", "joint": {"x": 0.4166015625, "y": 0.2465277777777778}}]}, {"frame_index": 20, "joints": [{"identity": "2", "joint": {"x": 0.482421875, "y": 0.22291666666666665}}, {"identity": "0", "joint": {"x": 0.75390625, "y": 0.24930555555555556}}, {"identity": "3", "joint": {"x": 0.413671875, "y": 0.24583333333333335}}, {"identity": "1", "joint": {"x": 0.5748046875, "y": 0.20729166666666665}}]}, {"frame_index": 21, "joints": [{"identity": "0", "joint": {"x": 0.7587890625, "y": 0.25}}, {"identity": "1", "joint": {"x": 0.5740234375, "y": 0.20833333333333334}}, {"identity": "3", "joint": {"x": 0.4111328125, "y": 0.24861111111111112}}]}, {"frame_index": 22, "joints": [{"identity": "0", "joint": {"x": 0.76484375, "y": 0.2513888888888889}}, {"identity": "3", "joint": {"x": 0.41093749999999996, "y": 0.2465277777777778}}, {"identity": "1", "joint": {"x": 0.5732421875, "y": 0.20902777777777778}}]}, {"frame_index": 23, "joints": [{"identity": "0", "joint": {"x": 0.7658203125, "y": 0.24479166666666669}}, {"identity": "1", "joint": {"x": 0.5708984375, "y": 0.21215277777777777}}, {"identity": "3", "joint": {"x": 0.4087890625, "y": 0.24583333333333335}}]}, {"frame_index": 24, "joints": [{"identity": "3", "joint": {"x": 0.40546875000000004, "y": 0.24583333333333335}}, {"identity": "1", "joint": {"x": 0.5679687499999999, "y": 0.21840277777777778}}, {"identity": "0", "joint": {"x": 0.767578125, "y": 0.2520833333333333}}]}, {"frame_index": 25, "joints": [{"identity": "3", "joint": {"x": 0.4037109375, "y": 0.25069444444444444}}, {"identity": "1", "joint": {"x": 0.566796875, "y": 0.2267361111111111}}, {"identity": "0", "joint": {"x": 0.771484375, "y": 0.2569444444444444}}]}, {"frame_index": 26, "joints": [{"identity": "0", "joint": {"x": 0.773828125, "y": 0.2659722222222222}}, {"identity": "3", "joint": {"x": 0.401953125, "y": 0.25555555555555554}}, {"identity": "1", "joint": {"x": 0.5601562499999999, "y": 0.23368055555555556}}]}, {"frame_index": 27, "joints": [{"identity": "3", "joint": {"x": 0.394140625, "y": 0.26319444444444445}}, {"identity": "1", "joint": {"x": 0.5525390625, "y": 0.24062499999999998}}, {"identity": "0", "joint": {"x": 0.77109375, "y": 0.2774305555555555}}]}, {"frame_index": 28, "joints": [{"identity": "3", "joint": {"x": 0.389453125, "y": 0.26805555555555555}}, {"identity": "1", "joint": {"x": 0.544140625, "y": 0.2482638888888889}}, {"identity": "0", "joint": {"x": 0.77578125, "y": 0.2989583333333333}}]}, {"frame_index": 29, "joints": [{"identity": "0", "joint": {"x": 0.778125, "y": 0.30937499999999996}}, {"identity": "1", "joint": {"x": 0.538671875, "y": 0.25763888888888886}}, {"identity": "3", "joint": {"x": 0.3859375, "y": 0.2743055555555556}}]}, {"frame_index": 30, "joints": [{"identity": "0", "joint": {"x": 0.777734375, "y": 0.3128472222222222}}, {"identity": "3", "joint": {"x": 0.3794921875, "y": 0.27222222222222225}}, {"identity": "1", "joint": {"x": 0.5306640625, "y": 0.2513888888888889}}]}]}