{"frames": [{"frame_index": 2, "joints": [{"identity": "1", "joint": {"x": 0.57109375, "y": 0.5013888888888889}}, {"identity": "5", "joint": {"x": 0.939453125, "y": 0.3340277777777778}}, {"identity": "4", "joint": {"x": 0.9839843749999999, "y": 0.3524305555555556}}, {"identity": "6", "joint": {"x": 0.858984375, "y": 0.3375}}, {"identity": "3", "joint": {"x": 0.762890625, "y": 0.4392361111111111}}, {"identity": "2", "joint": {"x": 0.6375, "y": 0.43194444444444446}}, {"identity": "0", "joint": {"x": 0.49609375, "y": 0.3368055555555556}}]}, {"frame_index": 7, "joints": [{"identity": "0", "joint": {"x": 0.5132812499999999, "y": 0.2951388888888889}}, {"identity": "3", "joint": {"x": 0.766796875, "y": 0.4159722222222222}}, {"identity": "2", "joint": {"x": 0.658984375, "y": 0.3993055555555556}}, {"identity": "7", "joint": {"x": 0.8427734375, "y": 0.3871527777777778}}, {"identity": "4", "joint": {"x": 0.989453125, "y": 0.3145833333333333}}, {"identity": "6", "joint": {"x": 0.872265625, "y": 0.3013888888888889}}, {"identity": "5", "joint": {"x": 0.95859375, "y": 0.2885416666666667}}, {"identity": "1", "joint": {"x": 0.568359375, "y": 0.4798611111111111}}]}, {"frame_index": 12, "joints": [{"identity": "8", "joint": {"x": 0.85546875, "y": 0.3770833333333333}}, {"identity": "3", "joint": {"x": 0.819921875, "y": 0.47986111111111107}}, {"identity": "6", "joint": {"x": 0.95625, "y": 0.303125}}, {"identity": "2", "joint": {"x": 0.7378906249999999, "y": 0.39236111111111116}}, {"identity": "0", "joint": {"x": 0.6015625, "y": 0.29791666666666666}}, {"identity": "1", "joint": {"x": 0.635546875, "y": 0.4840277777777778}}]}, {"frame_index": 17, "joints": [{"identity": "2", "joint": {"x": 0.856640625, "y": 0.4326388888888889}}, {"identity": "0", "joint": {"x": 0.73515625, "y": 0.3416666666666667}}, {"identity": "1", "joint": {"x": 0.73671875, "y": 0.478125}}, {"identity": "3", "joint": {"x": 0.910546875, "y": 0.5395833333333333}}, {"identity": "8", "joint": {"x": 0.973828125, "y": 0.41805555555555557}}]}, {"frame_index": 22, "joints": [{"identity": "0", "joint": {"x": 0.90703125, "y": 0.33958333333333335}}, {"identity": "1", "joint": {"x": 0.8656250000000001, "y": 0.4701388888888889}}]}, {"frame_index": 27, "joints": [{"identity": "9", "joint": {"x": 0.260546875, "y": 0.4003472222222222}}]}]}