{"frames": [{"frame_index": 2, "joints": [{"identity": "4", "joint": {"x": 0.6970703125, "y": 0.5093749999999999}}, {"identity": "3", "joint": {"x": 0.66953125, "y": 0.45972222222222225}}, {"identity": "1", "joint": {"x": 0.409375, "y": 0.4791666666666667}}, {"identity": "5", "joint": {"x": 0.2505859375, "y": 0.478125}}, {"identity": "0", "joint": {"x": 0.270703125, "y": 0.46215277777777775}}]}, {"frame_index": 7, "joints": [{"identity": "5", "joint": {"x": 0.30546875, "y": 0.49756944444444445}}, {"identity": "1", "joint": {"x": 0.431640625, "y": 0.47916666666666663}}, {"identity": "0", "joint": {"x": 0.194921875, "y": 0.45}}, {"identity": "3", "joint": {"x": 0.671875, "y": 0.48194444444444445}}, {"identity": "4", "joint": {"x": 0.7269531250000001, "y": 0.5048611111111111}}]}, {"frame_index": 12, "joints": [{"identity": "3", "joint": {"x": 0.67578125, "y": 0.46805555555555556}}, {"identity": "1", "joint": {"x": 0.445703125, "y": 0.4854166666666667}}, {"identity": "0", "joint": {"x": 0.111328125, "y": 0.4461805555555556}}, {"identity": "4", "joint": {"x": 0.746875, "y": 0.48819444444444443}}, {"identity": "5", "joint": {"x": 0.356640625, "y": 0.50625}}]}, {"frame_index": 17, "joints": [{"identity": "3", "joint": {"x": 0.673046875, "y": 0.4652777777777778}}, {"identity": "0", "joint": {"x": 0.0146484375, "y": 0.4392361111111111}}, {"identity": "5", "joint": {"x": 0.410546875, "y": 0.4892361111111111}}, {"identity": "4", "joint": {"x": 0.763671875, "y": 0.48854166666666665}}, {"identity": "1", "joint": {"x": 0.458984375, "y": 0.49236111111111114}}]}, {"frame_index": 22, "joints": [{"identity": "1", "joint": {"x": 0.45859375, "y": 0.49444444444444446}}, {"identity": "3", "joint": {"x": 0.6578125, "y": 0.4930555555555556}}, {"identity": "4", "joint": {"x": 0.765625, "y": 0.4875}}, {"identity": "5", "joint": {"x": 0.44375, "y": 0.50625}}]}, {"frame_index": 27, "joints": [{"identity": "5", "joint": {"x": 0.4462890625, "y": 0.5086805555555556}}, {"identity": "3", "joint": {"x": 0.619921875, "y": 0.49375}}, {"identity": "1", "joint": {"x": 0.433203125, "y": 0.4979166666666667}}, {"identity": "4", "joint": {"x": 0.7406250000000001, "y": 0.4940972222222222}}]}]}