{
    "frames": [
        {
            "frame_index": 0,
            "bounding_boxes": [
                {
                    "identity": "B",
                    "bounding_box": {
                        "h": 0.1320266285020384,
                        "w": 0.1907716139734582,
                        "x": 0.12067891295862607,
                        "y": 0.117516263335935502
                    }
                },
                {
                    "identity": "A",
                    "bounding_box": {
                        "h": 0.1798473414866859,
                        "w": 0.18184938524590173,
                        "x": 0.73448697306791566,
                        "y": 0.14254336889582783
                    }
                }
            ]
        },
        {
            "frame_index": 7,
            "bounding_boxes": [
                {
                    "identity": "A",
                    "bounding_box": {
                        "h": 0.1798473414866859,
                        "w": 0.18184938524590173,
                        "x": 0.13448697306791566,
                        "y": 0.74254336889582783
                    }
                },
                {
                    "identity": "B",
                    "bounding_box": {
                        "h": 0.1320266285020384,
                        "w": 0.1907716139734582,
                        "x": 0.42067891295862607,
                        "y": 0.417516263335935502
                    }
                }
            ]
        },
        {
            "frame_index": 14,
            "bounding_boxes": [
                {
                    "identity": "A",
                    "bounding_box": {
                        "h": 0.1798473414866859,
                        "w": 0.18184938524590173,
                        "x": 0.12448697306791566,
                        "y": 0.77254336889582783
                    }
                },
                {
                    "identity": "B",
                    "bounding_box": {
                        "h": 0.1320266285020384,
                        "w": 0.1907716139734582,
                        "x": 0.72067891295862607,
                        "y": 0.717516263335935502
                    }
                }
            ]
        }
    ]
}