{
    "frames": [
        {
            "frame_index": 3,
            "joints": [
                {
                    "identity": "0",
                    "joint": {
                        "x": 0.38315400482391195,
                        "y": 0.3027105559892445
                    }
                },
                {
                    "identity": "1",
                    "joint": {
                        "x": 0.5429665822236547,
                        "y": 0.59389647574395802
                    }
                }
            ]
        },
        {
            "frame_index": 11,
            "joints": [
                {
                    "identity": "0",
                    "joint": {
                        "x": 0.68351810866741156,
                        "y": 0.6030510018214936
                    }
                },
                {
                    "identity": "1",
                    "joint": {
                        "x": 0.10704531598988847,
                        "y": 0.9001105209580032
                    }
                }
            ]
        }
    ]
}