{
    "frames": [
        {
            "frame_index": 1,
            "bounding_boxes": [
                {
                    "identity": "B",
                    "bounding_box": {
                        "h": 0.1420266285020384,
                        "w": 0.1807716139734582,
                        "x": 0.42067891295862607,
                        "y": 0.117516263335935502
                    }
                },
                {
                    "identity": "A",
                    "bounding_box": {
                        "h": 0.1898473414866859,
                        "w": 0.17184938524590173,
                        "x": 0.73448697306791566,
                        "y": 0.44254336889582783
                    }
                }
            ]
        },
        {
            "frame_index": 8,
            "bounding_boxes": [
                {
                    "identity": "A",
                    "bounding_box": {
                        "h": 0.1898473414866859,
                        "w": 0.17184938524590173,
                        "x": 0.13448697306791566,
                        "y": 0.44254336889582783
                    }
                },
                {
                    "identity": "B",
                    "bounding_box": {
                        "h": 0.1420266285020384,
                        "w": 0.1807716139734582,
                        "x": 0.42067891295862607,
                        "y": 0.417516263335935502
                    }
                }
            ]
        },
        {
            "frame_index": 15,
            "bounding_boxes": [
                {
                    "identity": "A",
                    "bounding_box": {
                        "h": 0.1898473414866859,
                        "w": 0.17184938524590173,
                        "x": 0.12448697306791566,
                        "y": 0.47254336889582783
                    }
                },
                {
                    "identity": "B",
                    "bounding_box": {
                        "h": 0.1420266285020384,
                        "w": 0.1807716139734582,
                        "x": 0.42067891295862607,
                        "y": 0.717516263335935502
                    }
                }
            ]
        }
    ]
}