{
    "frames": [
        {
            "frame_index": 5,
            "joints": [
                {
                    "identity": "0",
                    "joint": {
                        "x": 0.660656827,
                        "y": 0.01939916145
                    }
                },
                {
                    "identity": "1",
                    "joint": {
                        "x": 0.5147814829999999,
                        "y": 0.131753579
                    }
                },
                {
                    "identity": "2",
                    "joint": {
                        "x": 0.36330038,
                        "y": 0.0155671574
                    }
                },
                {
                    "identity": "3",
                    "joint": {
                        "x": 0.631119518,
                        "y": 0.157044828
                    }
                },
                {
                    "identity": "4",
                    "joint": {
                        "x": 0.825936376,
                        "y": 0.035723513400000004
                    }
                },
                {
                    "identity": "6",
                    "joint": {
                        "x": 0.4983526245,
                        "y": 0.00621706412
                    }
                },
                {
                    "identity": "8",
                    "joint": {
                        "x": 0.474464059,
                        "y": 0.04836912265
                    }
                }
            ]
        },
        {
            "frame_index": 11,
            "joints": [
                {
                    "identity": "0",
                    "joint": {
                        "x": 0.6516447205,
                        "y": 0.0182495592
                    }
                },
                {
                    "identity": "1",
                    "joint": {
                        "x": 0.51991269,
                        "y": 0.1423299165
                    }
                },
                {
                    "identity": "2",
                    "joint": {
                        "x": 0.370760121,
                        "y": 0.011505231769999999
                    }
                },
                {
                    "identity": "3",
                    "joint": {
                        "x": 0.6331893245,
                        "y": 0.1564317045
                    }
                },
                {
                    "identity": "4",
                    "joint": {
                        "x": 0.832274934,
                        "y": 0.0358767845
                    }
                },
                {
                    "identity": "6",
                    "joint": {
                        "x": 0.5093482684999999,
                        "y": 0.00958922905
                    }
                },
                {
                    "identity": "8",
                    "joint": {
                        "x": 0.47963848750000004,
                        "y": 0.053887223750000005
                    }
                }
            ]
        },
        {
            "frame_index": 17,
            "joints": [
                {
                    "identity": "0",
                    "joint": {
                        "x": 0.6440124795,
                        "y": 0.01725323775
                    }
                },
                {
                    "identity": "1",
                    "joint": {
                        "x": 0.5239229000000001,
                        "y": 0.147464814
                    }
                },
                {
                    "identity": "2",
                    "joint": {
                        "x": 0.3792548,
                        "y": 0.005680582660000001
                    }
                },
                {
                    "identity": "3",
                    "joint": {
                        "x": 0.6337067485,
                        "y": 0.156814903
                    }
                },
                {
                    "identity": "4",
                    "joint": {
                        "x": 0.8367164,
                        "y": 0.03671983125
                    }
                },
                {
                    "identity": "6",
                    "joint": {
                        "x": 0.52189625,
                        "y": 0.01096875173
                    }
                },
                {
                    "identity": "8",
                    "joint": {
                        "x": 0.484036713,
                        "y": 0.0590221039
                    }
                }
            ]
        },
        {
            "frame_index": 23,
            "joints": [
                {
                    "identity": "0",
                    "joint": {
                        "x": 0.6354746705000001,
                        "y": 0.01901595945
                    }
                },
                {
                    "identity": "1",
                    "joint": {
                        "x": 0.5284505325,
                        "y": 0.1512201655
                    }
                },
                {
                    "identity": "2",
                    "joint": {
                        "x": 0.3886981,
                        "y": 0.004301060735
                    }
                },
                {
                    "identity": "3",
                    "joint": {
                        "x": 0.6343967205000001,
                        "y": 0.15842435500000002
                    }
                },
                {
                    "identity": "4",
                    "joint": {
                        "x": 0.837578803,
                        "y": 0.036873112050000004
                    }
                },
                {
                    "identity": "6",
                    "joint": {
                        "x": 0.5361258985,
                        "y": 0.00843962713
                    }
                },
                {
                    "identity": "8",
                    "joint": {
                        "x": 0.4851578175,
                        "y": 0.067529165
                    }
                }
            ]
        },
        {
            "frame_index": 29,
            "joints": [
                {
                    "identity": "0",
                    "joint": {
                        "x": 0.629481,
                        "y": 0.0193991605
                    }
                },
                {
                    "identity": "1",
                    "joint": {
                        "x": 0.5311670820000001,
                        "y": 0.1541324925
                    }
                },
                {
                    "identity": "3",
                    "joint": {
                        "x": 0.6356040675,
                        "y": 0.1583477035
                    }
                },
                {
                    "identity": "4",
                    "joint": {
                        "x": 0.8376218325,
                        "y": 0.03802271745
                    }
                },
                {
                    "identity": "6",
                    "joint": {
                        "x": 0.5482425989999999,
                        "y": 0.00943594845
                    }
                },
                {
                    "identity": "7",
                    "joint": {
                        "x": 0.4386312175,
                        "y": 0.001388736305
                    }
                },
                {
                    "identity": "8",
                    "joint": {
                        "x": 0.4815789095,
                        "y": 0.07710917705
                    }
                }
            ]
        },
        {
            "frame_index": 35,
            "joints": [
                {
                    "identity": "0",
                    "joint": {
                        "x": 0.6266351,
                        "y": 0.02093196885
                    }
                },
                {
                    "identity": "1",
                    "joint": {
                        "x": 0.5300459,
                        "y": 0.16148994849999998
                    }
                },
                {
                    "identity": "3",
                    "joint": {
                        "x": 0.63495725,
                        "y": 0.1586542575
                    }
                },
                {
                    "identity": "4",
                    "joint": {
                        "x": 0.838053137,
                        "y": 0.03825262935
                    }
                },
                {
                    "identity": "6",
                    "joint": {
                        "x": 0.559238225,
                        "y": 0.008976107904999999
                    }
                },
                {
                    "identity": "7",
                    "joint": {
                        "x": 0.4410890715,
                        "y": 0.005297382735
                    }
                },
                {
                    "identity": "8",
                    "joint": {
                        "x": 0.47761188450000003,
                        "y": 0.08255062285
                    }
                }
            ]
        },
        {
            "frame_index": 41,
            "joints": [
                {
                    "identity": "0",
                    "joint": {
                        "x": 0.624953389,
                        "y": 0.01893932185
                    }
                },
                {
                    "identity": "1",
                    "joint": {
                        "x": 0.528234871,
                        "y": 0.1686174755
                    }
                },
                {
                    "identity": "3",
                    "joint": {
                        "x": 0.6334911999999999,
                        "y": 0.156431705
                    }
                },
                {
                    "identity": "4",
                    "joint": {
                        "x": 0.8390016554999999,
                        "y": 0.039019035199999996
                    }
                },
                {
                    "identity": "6",
                    "joint": {
                        "x": 0.5746321999999999,
                        "y": 0.0115052317
                    }
                },
                {
                    "identity": "7",
                    "joint": {
                        "x": 0.4415202885,
                        "y": 0.006063783535
                    }
                },
                {
                    "identity": "8",
                    "joint": {
                        "x": 0.474162221,
                        "y": 0.08906503
                    }
                }
            ]
        },
        {
            "frame_index": 47,
            "joints": [
                {
                    "identity": "0",
                    "joint": {
                        "x": 0.624047783,
                        "y": 0.01809627985
                    }
                },
                {
                    "identity": "1",
                    "joint": {
                        "x": 0.5285798015,
                        "y": 0.1732158885
                    }
                },
                {
                    "identity": "3",
                    "joint": {
                        "x": 0.6280580265,
                        "y": 0.16018705849999998
                    }
                },
                {
                    "identity": "4",
                    "joint": {
                        "x": 0.8402522,
                        "y": 0.04032191125
                    }
                },
                {
                    "identity": "6",
                    "joint": {
                        "x": 0.5900692045,
                        "y": 0.012424913915
                    }
                },
                {
                    "identity": "7",
                    "joint": {
                        "x": 0.44885069,
                        "y": 0.007979785999999999
                    }
                },
                {
                    "identity": "8",
                    "joint": {
                        "x": 0.47748253399999996,
                        "y": 0.097495445
                    }
                }
            ]
        },
        {
            "frame_index": 53,
            "joints": [
                {
                    "identity": "0",
                    "joint": {
                        "x": 0.6226248775000001,
                        "y": 0.0176364393
                    }
                },
                {
                    "identity": "1",
                    "joint": {
                        "x": 0.5351772235000001,
                        "y": 0.177354455
                    }
                },
                {
                    "identity": "3",
                    "joint": {
                        "x": 0.6227111224999999,
                        "y": 0.1602637175
                    }
                },
                {
                    "identity": "4",
                    "joint": {
                        "x": 0.8424083,
                        "y": 0.0424678456
                    }
                },
                {
                    "identity": "6",
                    "joint": {
                        "x": 0.60382455,
                        "y": 0.0090527481
                    }
                },
                {
                    "identity": "7",
                    "joint": {
                        "x": 0.452257201,
                        "y": 0.0079797862
                    }
                },
                {
                    "identity": "8",
                    "joint": {
                        "x": 0.48063026350000004,
                        "y": 0.10355001350000001
                    }
                }
            ]
        },
        {
            "frame_index": 59,
            "joints": [
                {
                    "identity": "0",
                    "joint": {
                        "x": 0.6240909825000001,
                        "y": 0.0190926041
                    }
                },
                {
                    "identity": "1",
                    "joint": {
                        "x": 0.547682035,
                        "y": 0.177277821
                    }
                },
                {
                    "identity": "3",
                    "joint": {
                        "x": 0.6188302725,
                        "y": 0.1585776285
                    }
                },
                {
                    "identity": "4",
                    "joint": {
                        "x": 0.8425807999999999,
                        "y": 0.0401686281
                    }
                },
                {
                    "identity": "6",
                    "joint": {
                        "x": 0.6183559160000001,
                        "y": 0.01066219088
                    }
                },
                {
                    "identity": "7",
                    "joint": {
                        "x": 0.45609489049999996,
                        "y": 0.01135195185
                    }
                },
                {
                    "identity": "8",
                    "joint": {
                        "x": 0.484122932,
                        "y": 0.11328331750000001
                    }
                }
            ]
        },
        {
            "frame_index": 65,
            "joints": [
                {
                    "identity": "0",
                    "joint": {
                        "x": 0.6246516105,
                        "y": 0.02054876795
                    }
                },
                {
                    "identity": "1",
                    "joint": {
                        "x": 0.5591951159999999,
                        "y": 0.17827413250000002
                    }
                },
                {
                    "identity": "3",
                    "joint": {
                        "x": 0.617364198,
                        "y": 0.155205451
                    }
                },
                {
                    "identity": "4",
                    "joint": {
                        "x": 0.8414596000000001,
                        "y": 0.0403985627
                    }
                },
                {
                    "identity": "6",
                    "joint": {
                        "x": 0.63353425,
                        "y": 0.00805642667
                    }
                },
                {
                    "identity": "7",
                    "joint": {
                        "x": 0.4570004045,
                        "y": 0.01893932375
                    }
                },
                {
                    "identity": "8",
                    "joint": {
                        "x": 0.4858047,
                        "y": 0.1276916415
                    }
                }
            ]
        },
        {
            "frame_index": 71,
            "joints": [
                {
                    "identity": "0",
                    "joint": {
                        "x": 0.6244791245000001,
                        "y": 0.0211618855
                    }
                },
                {
                    "identity": "1",
                    "joint": {
                        "x": 0.5653613795,
                        "y": 0.1781208515
                    }
                },
                {
                    "identity": "3",
                    "joint": {
                        "x": 0.617838533,
                        "y": 0.1565083415
                    }
                },
                {
                    "identity": "4",
                    "joint": {
                        "x": 0.8390879925,
                        "y": 0.04323424
                    }
                },
                {
                    "identity": "6",
                    "joint": {
                        "x": 0.6440555655,
                        "y": 0.00744330584
                    }
                },
                {
                    "identity": "7",
                    "joint": {
                        "x": 0.457043537,
                        "y": 0.0203188453
                    }
                },
                {
                    "identity": "8",
                    "joint": {
                        "x": 0.48515790000000003,
                        "y": 0.1409503935
                    }
                }
            ]
        },
        {
            "frame_index": 77,
            "joints": [
                {
                    "identity": "0",
                    "joint": {
                        "x": 0.624220373,
                        "y": 0.02162172875
                    }
                },
                {
                    "identity": "1",
                    "joint": {
                        "x": 0.5683797500000001,
                        "y": 0.1772778185
                    }
                },
                {
                    "identity": "3",
                    "joint": {
                        "x": 0.62120183,
                        "y": 0.15842434
                    }
                },
                {
                    "identity": "4",
                    "joint": {
                        "x": 0.8384411785000001,
                        "y": 0.04338752
                    }
                },
                {
                    "identity": "6",
                    "joint": {
                        "x": 0.6559998325,
                        "y": 0.0097425093
                    }
                },
                {
                    "identity": "7",
                    "joint": {
                        "x": 0.4591995325,
                        "y": 0.02836605905
                    }
                },
                {
                    "identity": "8",
                    "joint": {
                        "x": 0.487357028,
                        "y": 0.152293146
                    }
                }
            ]
        },
        {
            "frame_index": 83,
            "joints": [
                {
                    "identity": "0",
                    "joint": {
                        "x": 0.6243928325,
                        "y": 0.0243807677
                    }
                },
                {
                    "identity": "1",
                    "joint": {
                        "x": 0.5688109265,
                        "y": 0.17290931199999998
                    }
                },
                {
                    "identity": "3",
                    "joint": {
                        "x": 0.6259451,
                        "y": 0.1591141
                    }
                },
                {
                    "identity": "4",
                    "joint": {
                        "x": 0.839044966,
                        "y": 0.04292767715
                    }
                },
                {
                    "identity": "6",
                    "joint": {
                        "x": 0.6710056205,
                        "y": 0.0132679552
                    }
                },
                {
                    "identity": "7",
                    "joint": {
                        "x": 0.46480517099999996,
                        "y": 0.04032192005
                    }
                },
                {
                    "identity": "8",
                    "joint": {
                        "x": 0.49473051999999995,
                        "y": 0.170993321
                    }
                }
            ]
        },
        {
            "frame_index": 89,
            "joints": [
                {
                    "identity": "0",
                    "joint": {
                        "x": 0.62443592,
                        "y": 0.02415085305
                    }
                },
                {
                    "identity": "1",
                    "joint": {
                        "x": 0.5623429755,
                        "y": 0.17129988200000001
                    }
                },
                {
                    "identity": "3",
                    "joint": {
                        "x": 0.62913597,
                        "y": 0.1599571555
                    }
                },
                {
                    "identity": "4",
                    "joint": {
                        "x": 0.8389586499999999,
                        "y": 0.04131823675
                    }
                },
                {
                    "identity": "6",
                    "joint": {
                        "x": 0.68545095,
                        "y": 0.0134978725
                    }
                },
                {
                    "identity": "7",
                    "joint": {
                        "x": 0.4697208705,
                        "y": 0.045073602350000005
                    }
                },
                {
                    "identity": "8",
                    "joint": {
                        "x": 0.510124416,
                        "y": 0.187394321
                    }
                }
            ]
        },
        {
            "frame_index": 95,
            "joints": [
                {
                    "identity": "0",
                    "joint": {
                        "x": 0.6244359500000001,
                        "y": 0.02438076865
                    }
                },
                {
                    "identity": "1",
                    "joint": {
                        "x": 0.5489757,
                        "y": 0.16271618799999998
                    }
                },
                {
                    "identity": "3",
                    "joint": {
                        "x": 0.6326287755,
                        "y": 0.159344025
                    }
                },
                {
                    "identity": "4",
                    "joint": {
                        "x": 0.8406403179999999,
                        "y": 0.040628475
                    }
                },
                {
                    "identity": "6",
                    "joint": {
                        "x": 0.6955842155,
                        "y": 0.015337241
                    }
                },
                {
                    "identity": "7",
                    "joint": {
                        "x": 0.4748090055,
                        "y": 0.04484368675
                    }
                },
                {
                    "identity": "8",
                    "joint": {
                        "x": 0.5273725325,
                        "y": 0.1988136695
                    }
                }
            ]
        },
        {
            "frame_index": 101,
            "joints": [
                {
                    "identity": "0",
                    "joint": {
                        "x": 0.6237891245,
                        "y": 0.0244574081
                    }
                },
                {
                    "identity": "1",
                    "joint": {
                        "x": 0.54160215,
                        "y": 0.158730902
                    }
                },
                {
                    "identity": "3",
                    "joint": {
                        "x": 0.6345261,
                        "y": 0.1576579365
                    }
                },
                {
                    "identity": "4",
                    "joint": {
                        "x": 0.8399072345,
                        "y": 0.0413182384
                    }
                },
                {
                    "identity": "6",
                    "joint": {
                        "x": 0.7042513189999999,
                        "y": 0.017636443
                    }
                },
                {
                    "identity": "7",
                    "joint": {
                        "x": 0.4761026355,
                        "y": 0.05733603425
                    }
                },
                {
                    "identity": "8",
                    "joint": {
                        "x": 0.5401792,
                        "y": 0.2159043955
                    }
                }
            ]
        },
        {
            "frame_index": 107,
            "joints": [
                {
                    "identity": "0",
                    "joint": {
                        "x": 0.624737729,
                        "y": 0.024074213599999998
                    }
                },
                {
                    "identity": "1",
                    "joint": {
                        "x": 0.54061037,
                        "y": 0.1540558555
                    }
                },
                {
                    "identity": "3",
                    "joint": {
                        "x": 0.633275578,
                        "y": 0.1523697675
                    }
                },
                {
                    "identity": "4",
                    "joint": {
                        "x": 0.8396916725000001,
                        "y": 0.0410883267
                    }
                },
                {
                    "identity": "6",
                    "joint": {
                        "x": 0.7138670825,
                        "y": 0.01840284235
                    }
                },
                {
                    "identity": "7",
                    "joint": {
                        "x": 0.4751109185,
                        "y": 0.06752917259999999
                    }
                },
                {
                    "identity": "8",
                    "joint": {
                        "x": 0.5492775185000001,
                        "y": 0.242728482
                    }
                }
            ]
        },
        {
            "frame_index": 113,
            "joints": [
                {
                    "identity": "0",
                    "joint": {
                        "x": 0.6234442,
                        "y": 0.0232311701
                    }
                },
                {
                    "identity": "1",
                    "joint": {
                        "x": 0.54082595,
                        "y": 0.1543624105
                    }
                },
                {
                    "identity": "10",
                    "joint": {
                        "x": 0.805260241,
                        "y": 0.00713674515
                    }
                },
                {
                    "identity": "3",
                    "joint": {
                        "x": 0.6284461020000001,
                        "y": 0.1452422295
                    }
                },
                {
                    "identity": "4",
                    "joint": {
                        "x": 0.8396916999999999,
                        "y": 0.04101168815
                    }
                },
                {
                    "identity": "6",
                    "joint": {
                        "x": 0.7232672499999999,
                        "y": 0.01924588155
                    }
                },
                {
                    "identity": "7",
                    "joint": {
                        "x": 0.476188898,
                        "y": 0.07902518254999999
                    }
                },
                {
                    "identity": "8",
                    "joint": {
                        "x": 0.55738415,
                        "y": 0.26089221949999997
                    }
                }
            ]
        },
        {
            "frame_index": 119,
            "joints": [
                {
                    "identity": "0",
                    "joint": {
                        "x": 0.622711131,
                        "y": 0.024227488800000002
                    }
                },
                {
                    "identity": "1",
                    "joint": {
                        "x": 0.54043785,
                        "y": 0.154592343
                    }
                },
                {
                    "identity": "10",
                    "joint": {
                        "x": 0.8158893585,
                        "y": 0.017559798850000002
                    }
                },
                {
                    "identity": "3",
                    "joint": {
                        "x": 0.622797316,
                        "y": 0.1417167935
                    }
                },
                {
                    "identity": "4",
                    "joint": {
                        "x": 0.8396916999999999,
                        "y": 0.04101168815
                    }
                },
                {
                    "identity": "6",
                    "joint": {
                        "x": 0.7317188725,
                        "y": 0.020931963300000002
                    }
                },
                {
                    "identity": "7",
                    "joint": {
                        "x": 0.47989721399999996,
                        "y": 0.08944822999999999
                    }
                },
                {
                    "identity": "8",
                    "joint": {
                        "x": 0.573381634,
                        "y": 0.28618343599999996
                    }
                }
            ]
        },
        {
            "frame_index": 125,
            "joints": [
                {
                    "identity": "0",
                    "joint": {
                        "x": 0.6234872499999999,
                        "y": 0.02445740725
                    }
                },
                {
                    "identity": "1",
                    "joint": {
                        "x": 0.5330212,
                        "y": 0.146928338
                    }
                },
                {
                    "identity": "10",
                    "joint": {
                        "x": 0.8244271,
                        "y": 0.02077868485
                    }
                },
                {
                    "identity": "3",
                    "joint": {
                        "x": 0.61494945,
                        "y": 0.1408737525
                    }
                },
                {
                    "identity": "4",
                    "joint": {
                        "x": 0.8396916999999999,
                        "y": 0.04101168815
                    }
                },
                {
                    "identity": "6",
                    "joint": {
                        "x": 0.739997953,
                        "y": 0.023920930700000002
                    }
                },
                {
                    "identity": "7",
                    "joint": {
                        "x": 0.48511475,
                        "y": 0.10607913499999999
                    }
                },
                {
                    "identity": "8",
                    "joint": {
                        "x": 0.594855621,
                        "y": 0.3117812575
                    }
                }
            ]
        },
        {
            "frame_index": 131,
            "joints": [
                {
                    "identity": "0",
                    "joint": {
                        "x": 0.623659784,
                        "y": 0.0225414038
                    }
                },
                {
                    "identity": "1",
                    "joint": {
                        "x": 0.52832115,
                        "y": 0.1304507105
                    }
                },
                {
                    "identity": "10",
                    "joint": {
                        "x": 0.8298603215,
                        "y": 0.0249172496
                    }
                },
                {
                    "identity": "3",
                    "joint": {
                        "x": 0.6094732205,
                        "y": 0.138497904
                    }
                },
                {
                    "identity": "4",
                    "joint": {
                        "x": 0.8396916999999999,
                        "y": 0.04101168815
                    }
                },
                {
                    "identity": "6",
                    "joint": {
                        "x": 0.749355,
                        "y": 0.030205425799999998
                    }
                },
                {
                    "identity": "7",
                    "joint": {
                        "x": 0.49270391399999997,
                        "y": 0.11366651249999998
                    }
                },
                {
                    "identity": "8",
                    "joint": {
                        "x": 0.623142302,
                        "y": 0.3305580465
                    }
                }
            ]
        },
        {
            "frame_index": 137,
            "joints": [
                {
                    "identity": "0",
                    "joint": {
                        "x": 0.62409095,
                        "y": 0.02292460855
                    }
                },
                {
                    "identity": "1",
                    "joint": {
                        "x": 0.52853675,
                        "y": 0.1205641215
                    }
                },
                {
                    "identity": "10",
                    "joint": {
                        "x": 0.8386567535,
                        "y": 0.02859597095
                    }
                },
                {
                    "identity": "3",
                    "joint": {
                        "x": 0.6093007315000001,
                        "y": 0.1353556655
                    }
                },
                {
                    "identity": "4",
                    "joint": {
                        "x": 0.8396916999999999,
                        "y": 0.04101168815
                    }
                },
                {
                    "identity": "6",
                    "joint": {
                        "x": 0.756556004,
                        "y": 0.03097182335
                    }
                },
                {
                    "identity": "7",
                    "joint": {
                        "x": 0.5011554805,
                        "y": 0.13489582049999999
                    }
                },
                {
                    "identity": "8",
                    "joint": {
                        "x": 0.6494025,
                        "y": 0.351480778
                    }
                }
            ]
        },
        {
            "frame_index": 143,
            "joints": [
                {
                    "identity": "0",
                    "joint": {
                        "x": 0.6233147675,
                        "y": 0.02269468705
                    }
                },
                {
                    "identity": "1",
                    "joint": {
                        "x": 0.522888005,
                        "y": 0.1195678145
                    }
                },
                {
                    "identity": "10",
                    "joint": {
                        "x": 0.8502992,
                        "y": 0.0345739089
                    }
                },
                {
                    "identity": "3",
                    "joint": {
                        "x": 0.6113704685,
                        "y": 0.1340527905
                    }
                },
                {
                    "identity": "4",
                    "joint": {
                        "x": 0.8396916999999999,
                        "y": 0.04101168815
                    }
                },
                {
                    "identity": "6",
                    "joint": {
                        "x": 0.7596175334999999,
                        "y": 0.03166158125
                    }
                },
                {
                    "identity": "7",
                    "joint": {
                        "x": 0.512927267,
                        "y": 0.15390258299999998
                    }
                },
                {
                    "identity": "8",
                    "joint": {
                        "x": 0.67544705,
                        "y": 0.386122152
                    }
                }
            ]
        },
        {
            "frame_index": 149,
            "joints": [
                {
                    "identity": "0",
                    "joint": {
                        "x": 0.6220644,
                        "y": 0.02300125
                    }
                },
                {
                    "identity": "1",
                    "joint": {
                        "x": 0.5217237475000001,
                        "y": 0.11964446200000001
                    }
                },
                {
                    "identity": "10",
                    "joint": {
                        "x": 0.8578021499999999,
                        "y": 0.0368731115
                    }
                },
                {
                    "identity": "3",
                    "joint": {
                        "x": 0.6171486079999999,
                        "y": 0.135049116
                    }
                },
                {
                    "identity": "4",
                    "joint": {
                        "x": 0.8396916999999999,
                        "y": 0.04101168815
                    }
                },
                {
                    "identity": "6",
                    "joint": {
                        "x": 0.764748812,
                        "y": 0.0318148583
                    }
                },
                {
                    "identity": "7",
                    "joint": {
                        "x": 0.5244834185,
                        "y": 0.166471593
                    }
                },
                {
                    "identity": "8",
                    "joint": {
                        "x": 0.7022246674999999,
                        "y": 0.4310332685
                    }
                }
            ]
        },
        {
            "frame_index": 155,
            "joints": [
                {
                    "identity": "0",
                    "joint": {
                        "x": 0.6214175,
                        "y": 0.024227487899999997
                    }
                },
                {
                    "identity": "1",
                    "joint": {
                        "x": 0.520645681,
                        "y": 0.1165788505
                    }
                },
                {
                    "identity": "10",
                    "joint": {
                        "x": 0.86401145,
                        "y": 0.04101167685
                    }
                },
                {
                    "identity": "3",
                    "joint": {
                        "x": 0.6195202,
                        "y": 0.1341294255
                    }
                },
                {
                    "identity": "4",
                    "joint": {
                        "x": 0.8396916999999999,
                        "y": 0.04101168815
                    }
                },
                {
                    "identity": "6",
                    "joint": {
                        "x": 0.7656974745,
                        "y": 0.03181485925
                    }
                },
                {
                    "identity": "7",
                    "joint": {
                        "x": 0.5431975680000001,
                        "y": 0.18601479399999998
                    }
                },
                {
                    "identity": "8",
                    "joint": {
                        "x": 0.7254664005,
                        "y": 0.46176595
                    }
                }
            ]
        },
        {
            "frame_index": 161,
            "joints": [
                {
                    "identity": "0",
                    "joint": {
                        "x": 0.6206844499999999,
                        "y": 0.02560701205
                    }
                },
                {
                    "identity": "1",
                    "joint": {
                        "x": 0.5189209795,
                        "y": 0.1240129395
                    }
                },
                {
                    "identity": "10",
                    "joint": {
                        "x": 0.87073825,
                        "y": 0.0479092886
                    }
                },
                {
                    "identity": "3",
                    "joint": {
                        "x": 0.621072631,
                        "y": 0.1377315115
                    }
                },
                {
                    "identity": "4",
                    "joint": {
                        "x": 0.8396916999999999,
                        "y": 0.04101168815
                    }
                },
                {
                    "identity": "6",
                    "joint": {
                        "x": 0.764835025,
                        "y": 0.02913246025
                    }
                },
                {
                    "identity": "7",
                    "joint": {
                        "x": 0.5588502,
                        "y": 0.19988662750000002
                    }
                },
                {
                    "identity": "8",
                    "joint": {
                        "x": 0.749484316,
                        "y": 0.49012275000000005
                    }
                }
            ]
        },
        {
            "frame_index": 167,
            "joints": [
                {
                    "identity": "0",
                    "joint": {
                        "x": 0.6222799,
                        "y": 0.022771333300000002
                    }
                },
                {
                    "identity": "1",
                    "joint": {
                        "x": 0.51538505,
                        "y": 0.127155185
                    }
                },
                {
                    "identity": "10",
                    "joint": {
                        "x": 0.87694753,
                        "y": 0.0571061093
                    }
                },
                {
                    "identity": "3",
                    "joint": {
                        "x": 0.6183129215000001,
                        "y": 0.1450123245
                    }
                },
                {
                    "identity": "4",
                    "joint": {
                        "x": 0.8396916999999999,
                        "y": 0.04101168815
                    }
                },
                {
                    "identity": "6",
                    "joint": {
                        "x": 0.7640158189999999,
                        "y": 0.028595980299999997
                    }
                },
                {
                    "identity": "7",
                    "joint": {
                        "x": 0.572088,
                        "y": 0.2138350815
                    }
                },
                {
                    "identity": "8",
                    "joint": {
                        "x": 0.7766068500000001,
                        "y": 0.513651419
                    }
                }
            ]
        },
        {
            "frame_index": 173,
            "joints": [
                {
                    "identity": "0",
                    "joint": {
                        "x": 0.6230561160000001,
                        "y": 0.02100860885
                    }
                },
                {
                    "identity": "1",
                    "joint": {
                        "x": 0.5110731,
                        "y": 0.1274617355
                    }
                },
                {
                    "identity": "10",
                    "joint": {
                        "x": 0.881604433,
                        "y": 0.06262419185
                    }
                },
                {
                    "identity": "3",
                    "joint": {
                        "x": 0.6230992500000001,
                        "y": 0.15129682449999998
                    }
                },
                {
                    "identity": "4",
                    "joint": {
                        "x": 0.8396916999999999,
                        "y": 0.04101168815
                    }
                },
                {
                    "identity": "6",
                    "joint": {
                        "x": 0.76388645,
                        "y": 0.028595980299999997
                    }
                },
                {
                    "identity": "7",
                    "joint": {
                        "x": 0.580496578,
                        "y": 0.24686701449999998
                    }
                },
                {
                    "identity": "8",
                    "joint": {
                        "x": 0.806877231,
                        "y": 0.5300522675
                    }
                }
            ]
        },
        {
            "frame_index": 179,
            "joints": [
                {
                    "identity": "0",
                    "joint": {
                        "x": 0.621848766,
                        "y": 0.02154508845
                    }
                },
                {
                    "identity": "1",
                    "joint": {
                        "x": 0.5114180445000001,
                        "y": 0.1339761465
                    }
                },
                {
                    "identity": "10",
                    "joint": {
                        "x": 0.8875550000000001,
                        "y": 0.06860212275
                    }
                },
                {
                    "identity": "3",
                    "joint": {
                        "x": 0.622667984,
                        "y": 0.1568915395
                    }
                },
                {
                    "identity": "4",
                    "joint": {
                        "x": 0.8396916999999999,
                        "y": 0.04101168815
                    }
                },
                {
                    "identity": "6",
                    "joint": {
                        "x": 0.7645333165,
                        "y": 0.0312783783
                    }
                },
                {
                    "identity": "7",
                    "joint": {
                        "x": 0.5860590305,
                        "y": 0.267943062
                    }
                },
                {
                    "identity": "8",
                    "joint": {
                        "x": 0.8255913500000001,
                        "y": 0.5429278245
                    }
                }
            ]
        },
        {
            "frame_index": 185,
            "joints": [
                {
                    "identity": "0",
                    "joint": {
                        "x": 0.62288365,
                        "y": 0.0205487669
                    }
                },
                {
                    "identity": "1",
                    "joint": {
                        "x": 0.511849195,
                        "y": 0.13796143249999998
                    }
                },
                {
                    "identity": "10",
                    "joint": {
                        "x": 0.8922120499999999,
                        "y": 0.07412020999999999
                    }
                },
                {
                    "identity": "3",
                    "joint": {
                        "x": 0.6184853915,
                        "y": 0.1505304125
                    }
                },
                {
                    "identity": "4",
                    "joint": {
                        "x": 0.8396916999999999,
                        "y": 0.04101168815
                    }
                },
                {
                    "identity": "6",
                    "joint": {
                        "x": 0.7653093825,
                        "y": 0.0321980631
                    }
                },
                {
                    "identity": "7",
                    "joint": {
                        "x": 0.59360505,
                        "y": 0.277829647
                    }
                },
                {
                    "identity": "8",
                    "joint": {
                        "x": 0.8444780000000001,
                        "y": 0.55151155
                    }
                }
            ]
        },
        {
            "frame_index": 191,
            "joints": [
                {
                    "identity": "0",
                    "joint": {
                        "x": 0.62249555,
                        "y": 0.02223484915
                    }
                },
                {
                    "identity": "1",
                    "joint": {
                        "x": 0.5112455499999999,
                        "y": 0.1473115385
                    }
                },
                {
                    "identity": "10",
                    "joint": {
                        "x": 0.9004910500000001,
                        "y": 0.080098135
                    }
                },
                {
                    "identity": "3",
                    "joint": {
                        "x": 0.6211588735,
                        "y": 0.15673826600000001
                    }
                },
                {
                    "identity": "4",
                    "joint": {
                        "x": 0.8396916999999999,
                        "y": 0.04101168815
                    }
                },
                {
                    "identity": "6",
                    "joint": {
                        "x": 0.7673791649999999,
                        "y": 0.036873106350000004
                    }
                },
                {
                    "identity": "7",
                    "joint": {
                        "x": 0.60529063,
                        "y": 0.307182774
                    }
                },
                {
                    "identity": "8",
                    "joint": {
                        "x": 0.86129475,
                        "y": 0.571974397
                    }
                }
            ]
        },
        {
            "frame_index": 197,
            "joints": [
                {
                    "identity": "0",
                    "joint": {
                        "x": 0.623875418,
                        "y": 0.022618046949999998
                    }
                },
                {
                    "identity": "1",
                    "joint": {
                        "x": 0.510685025,
                        "y": 0.165168685
                    }
                },
                {
                    "identity": "10",
                    "joint": {
                        "x": 0.9082527,
                        "y": 0.08561622499999999
                    }
                },
                {
                    "identity": "3",
                    "joint": {
                        "x": 0.61926155,
                        "y": 0.15788786100000002
                    }
                },
                {
                    "identity": "4",
                    "joint": {
                        "x": 0.8396916999999999,
                        "y": 0.04101168815
                    }
                },
                {
                    "identity": "6",
                    "joint": {
                        "x": 0.7677672504999999,
                        "y": 0.037792787300000005
                    }
                },
                {
                    "identity": "7",
                    "joint": {
                        "x": 0.6181403750000001,
                        "y": 0.33576954999999997
                    }
                },
                {
                    "identity": "8",
                    "joint": {
                        "x": 0.882553071,
                        "y": 0.60607925
                    }
                }
            ]
        },
        {
            "frame_index": 203,
            "joints": [
                {
                    "identity": "0",
                    "joint": {
                        "x": 0.6237460315000001,
                        "y": 0.02185164415
                    }
                },
                {
                    "identity": "1",
                    "joint": {
                        "x": 0.511461178,
                        "y": 0.1683875665
                    }
                },
                {
                    "identity": "10",
                    "joint": {
                        "x": 0.91420327,
                        "y": 0.08837527719999999
                    }
                },
                {
                    "identity": "3",
                    "joint": {
                        "x": 0.6174504789999999,
                        "y": 0.1670080425
                    }
                },
                {
                    "identity": "4",
                    "joint": {
                        "x": 0.8396916999999999,
                        "y": 0.04101168815
                    }
                },
                {
                    "identity": "6",
                    "joint": {
                        "x": 0.7671205000000001,
                        "y": 0.034343984
                    }
                },
                {
                    "identity": "7",
                    "joint": {
                        "x": 0.6291359999999999,
                        "y": 0.3441999555
                    }
                },
                {
                    "identity": "8",
                    "joint": {
                        "x": 0.9050187000000001,
                        "y": 0.6217139190000001
                    }
                }
            ]
        },
        {
            "frame_index": 209,
            "joints": [
                {
                    "identity": "0",
                    "joint": {
                        "x": 0.6225818000000001,
                        "y": 0.022464771799999998
                    }
                },
                {
                    "identity": "1",
                    "joint": {
                        "x": 0.5101244195,
                        "y": 0.17298595649999998
                    }
                },
                {
                    "identity": "10",
                    "joint": {
                        "x": 0.9167905000000001,
                        "y": 0.09481303999999999
                    }
                },
                {
                    "identity": "3",
                    "joint": {
                        "x": 0.6180541705,
                        "y": 0.1680810455
                    }
                },
                {
                    "identity": "4",
                    "joint": {
                        "x": 0.8396916999999999,
                        "y": 0.04101168815
                    }
                },
                {
                    "identity": "6",
                    "joint": {
                        "x": 0.7644039095,
                        "y": 0.0328878164
                    }
                },
                {
                    "identity": "7",
                    "joint": {
                        "x": 0.63888118,
                        "y": 0.35646243450000004
                    }
                },
                {
                    "identity": "8",
                    "joint": {
                        "x": 0.927096218,
                        "y": 0.628611467
                    }
                }
            ]
        },
        {
            "frame_index": 215,
            "joints": [
                {
                    "identity": "0",
                    "joint": {
                        "x": 0.6230129835,
                        "y": 0.020318849
                    }
                },
                {
                    "identity": "1",
                    "joint": {
                        "x": 0.5091757825000001,
                        "y": 0.175821632
                    }
                },
                {
                    "identity": "10",
                    "joint": {
                        "x": 0.9201538330000001,
                        "y": 0.100790973
                    }
                },
                {
                    "identity": "3",
                    "joint": {
                        "x": 0.61499265,
                        "y": 0.166394913
                    }
                },
                {
                    "identity": "4",
                    "joint": {
                        "x": 0.8396916999999999,
                        "y": 0.04101168815
                    }
                },
                {
                    "identity": "6",
                    "joint": {
                        "x": 0.7638864515,
                        "y": 0.0327345356
                    }
                },
                {
                    "identity": "7",
                    "joint": {
                        "x": 0.6488850335,
                        "y": 0.37217362249999997
                    }
                },
                {
                    "identity": "8",
                    "joint": {
                        "x": 0.94542225,
                        "y": 0.619644569
                    }
                }
            ]
        },
        {
            "frame_index": 221,
            "joints": [
                {
                    "identity": "0",
                    "joint": {
                        "x": 0.6242202815,
                        "y": 0.02215820645
                    }
                },
                {
                    "identity": "1",
                    "joint": {
                        "x": 0.5075372254999999,
                        "y": 0.17582166700000001
                    }
                },
                {
                    "identity": "10",
                    "joint": {
                        "x": 0.9201538705,
                        "y": 0.103090178
                    }
                },
                {
                    "identity": "3",
                    "joint": {
                        "x": 0.6158550345,
                        "y": 0.163789123
                    }
                },
                {
                    "identity": "4",
                    "joint": {
                        "x": 0.8396916999999999,
                        "y": 0.04101168815
                    }
                },
                {
                    "identity": "6",
                    "joint": {
                        "x": 0.76194605,
                        "y": 0.03081854
                    }
                },
                {
                    "identity": "7",
                    "joint": {
                        "x": 0.6561723054999999,
                        "y": 0.380987259
                    }
                },
                {
                    "identity": "8",
                    "joint": {
                        "x": 0.95978125,
                        "y": 0.5961927
                    }
                }
            ]
        },
        {
            "frame_index": 227,
            "joints": [
                {
                    "identity": "0",
                    "joint": {
                        "x": 0.624004732,
                        "y": 0.02376765015
                    }
                },
                {
                    "identity": "1",
                    "joint": {
                        "x": 0.50723533,
                        "y": 0.1719130055
                    }
                },
                {
                    "identity": "10",
                    "joint": {
                        "x": 0.92170615,
                        "y": 0.10630906749999999
                    }
                },
                {
                    "identity": "3",
                    "joint": {
                        "x": 0.6180973000000001,
                        "y": 0.162562916
                    }
                },
                {
                    "identity": "4",
                    "joint": {
                        "x": 0.8396916999999999,
                        "y": 0.04101168815
                    }
                },
                {
                    "identity": "6",
                    "joint": {
                        "x": 0.7630671695,
                        "y": 0.03043534145
                    }
                },
                {
                    "identity": "7",
                    "joint": {
                        "x": 0.6594494824999999,
                        "y": 0.37301667299999997
                    }
                },
                {
                    "identity": "8",
                    "joint": {
                        "x": 0.9732778965,
                        "y": 0.5735072495
                    }
                }
            ]
        },
        {
            "frame_index": 233,
            "joints": [
                {
                    "identity": "0",
                    "joint": {
                        "x": 0.6232716655,
                        "y": 0.02323117
                    }
                },
                {
                    "identity": "1",
                    "joint": {
                        "x": 0.506373,
                        "y": 0.17076340950000002
                    }
                },
                {
                    "identity": "10",
                    "joint": {
                        "x": 0.9263632,
                        "y": 0.111367315
                    }
                },
                {
                    "identity": "3",
                    "joint": {
                        "x": 0.6193477235,
                        "y": 0.1581944225
                    }
                },
                {
                    "identity": "4",
                    "joint": {
                        "x": 0.8396916999999999,
                        "y": 0.04101168815
                    }
                },
                {
                    "identity": "6",
                    "joint": {
                        "x": 0.7635846195,
                        "y": 0.031201746449999998
                    }
                },
                {
                    "identity": "7",
                    "joint": {
                        "x": 0.6583714675000001,
                        "y": 0.3627468885
                    }
                }
            ]
        },
        {
            "frame_index": 239,
            "joints": [
                {
                    "identity": "0",
                    "joint": {
                        "x": 0.623142332,
                        "y": 0.022311485
                    }
                },
                {
                    "identity": "1",
                    "joint": {
                        "x": 0.5031820745,
                        "y": 0.15765793649999998
                    }
                },
                {
                    "identity": "10",
                    "joint": {
                        "x": 0.92998525,
                        "y": 0.1168853865
                    }
                },
                {
                    "identity": "3",
                    "joint": {
                        "x": 0.622754246,
                        "y": 0.159267396
                    }
                },
                {
                    "identity": "4",
                    "joint": {
                        "x": 0.8396916999999999,
                        "y": 0.04101168815
                    }
                },
                {
                    "identity": "6",
                    "joint": {
                        "x": 0.7631965279999999,
                        "y": 0.0305886213
                    }
                },
                {
                    "identity": "7",
                    "joint": {
                        "x": 0.6595788725,
                        "y": 0.359911233
                    }
                }
            ]
        },
        {
            "frame_index": 245,
            "joints": [
                {
                    "identity": "0",
                    "joint": {
                        "x": 0.6233579165,
                        "y": 0.0233078087
                    }
                },
                {
                    "identity": "1",
                    "joint": {
                        "x": 0.49977555,
                        "y": 0.138191335
                    }
                },
                {
                    "identity": "10",
                    "joint": {
                        "x": 0.93153763,
                        "y": 0.12010428249999999
                    }
                },
                {
                    "identity": "3",
                    "joint": {
                        "x": 0.6238322775,
                        "y": 0.15696819150000002
                    }
                },
                {
                    "identity": "4",
                    "joint": {
                        "x": 0.8381824665,
                        "y": 0.0410116789
                    }
                },
                {
                    "identity": "6",
                    "joint": {
                        "x": 0.7616010245,
                        "y": 0.027369732049999998
                    }
                },
                {
                    "identity": "7",
                    "joint": {
                        "x": 0.6611742975,
                        "y": 0.35431648800000004
                    }
                }
            ]
        },
        {
            "frame_index": 251,
            "joints": [
                {
                    "identity": "0",
                    "joint": {
                        "x": 0.6227543,
                        "y": 0.023537728950000003
                    }
                },
                {
                    "identity": "1",
                    "joint": {
                        "x": 0.50007742,
                        "y": 0.1256223695
                    }
                },
                {
                    "identity": "10",
                    "joint": {
                        "x": 0.9328310825,
                        "y": 0.121483795
                    }
                },
                {
                    "identity": "3",
                    "joint": {
                        "x": 0.6249964815,
                        "y": 0.157581322
                    }
                },
                {
                    "identity": "4",
                    "joint": {
                        "x": 0.8378806409999999,
                        "y": 0.0410116765
                    }
                },
                {
                    "identity": "6",
                    "joint": {
                        "x": 0.7608680825,
                        "y": 0.029822221949999998
                    }
                },
                {
                    "identity": "7",
                    "joint": {
                        "x": 0.667254239,
                        "y": 0.352477148
                    }
                }
            ]
        },
        {
            "frame_index": 257,
            "joints": [
                {
                    "identity": "0",
                    "joint": {
                        "x": 0.6234873000000001,
                        "y": 0.0243041329
                    }
                },
                {
                    "identity": "1",
                    "joint": {
                        "x": 0.505639911,
                        "y": 0.123016607
                    }
                },
                {
                    "identity": "10",
                    "joint": {
                        "x": 0.929467797,
                        "y": 0.1260822295
                    }
                },
                {
                    "identity": "3",
                    "joint": {
                        "x": 0.6275836215,
                        "y": 0.1578112245
                    }
                },
                {
                    "identity": "4",
                    "joint": {
                        "x": 0.8378806409999999,
                        "y": 0.0410116765
                    }
                },
                {
                    "identity": "6",
                    "joint": {
                        "x": 0.762291044,
                        "y": 0.029285744199999998
                    }
                },
                {
                    "identity": "7",
                    "joint": {
                        "x": 0.6768268685000001,
                        "y": 0.3580719105
                    }
                }
            ]
        },
        {
            "frame_index": 263,
            "joints": [
                {
                    "identity": "0",
                    "joint": {
                        "x": 0.622581729,
                        "y": 0.02369101065
                    }
                },
                {
                    "identity": "1",
                    "joint": {
                        "x": 0.5110299885,
                        "y": 0.12094731249999999
                    }
                },
                {
                    "identity": "10",
                    "joint": {
                        "x": 0.9240346500000001,
                        "y": 0.1228633225
                    }
                },
                {
                    "identity": "3",
                    "joint": {
                        "x": 0.6284891665000001,
                        "y": 0.15896081950000002
                    }
                },
                {
                    "identity": "4",
                    "joint": {
                        "x": 0.8378806409999999,
                        "y": 0.0410116765
                    }
                },
                {
                    "identity": "6",
                    "joint": {
                        "x": 0.7619461000000001,
                        "y": 0.02790621765
                    }
                },
                {
                    "identity": "7",
                    "joint": {
                        "x": 0.68238935,
                        "y": 0.3638198635
                    }
                }
            ]
        },
        {
            "frame_index": 269,
            "joints": [
                {
                    "identity": "0",
                    "joint": {
                        "x": 0.62322855,
                        "y": 0.0223881262
                    }
                },
                {
                    "identity": "1",
                    "joint": {
                        "x": 0.513401584,
                        "y": 0.11596571
                    }
                },
                {
                    "identity": "10",
                    "joint": {
                        "x": 0.9217062,
                        "y": 0.1210239645
                    }
                },
                {
                    "identity": "3",
                    "joint": {
                        "x": 0.6296534175,
                        "y": 0.157657951
                    }
                },
                {
                    "identity": "4",
                    "joint": {
                        "x": 0.8378806409999999,
                        "y": 0.0410116765
                    }
                },
                {
                    "identity": "6",
                    "joint": {
                        "x": 0.76203235,
                        "y": 0.02690989895
                    }
                },
                {
                    "identity": "7",
                    "joint": {
                        "x": 0.685537135,
                        "y": 0.36320673800000003
                    }
                }
            ]
        },
        {
            "frame_index": 275,
            "joints": [
                {
                    "identity": "0",
                    "joint": {
                        "x": 0.6242634245,
                        "y": 0.02215820825
                    }
                },
                {
                    "identity": "1",
                    "joint": {
                        "x": 0.511331816,
                        "y": 0.1119804346
                    }
                },
                {
                    "identity": "10",
                    "joint": {
                        "x": 0.9214474699999999,
                        "y": 0.122863326
                    }
                },
                {
                    "identity": "3",
                    "joint": {
                        "x": 0.6326718499999999,
                        "y": 0.156584996
                    }
                },
                {
                    "identity": "4",
                    "joint": {
                        "x": 0.8378806409999999,
                        "y": 0.0410116765
                    }
                },
                {
                    "identity": "6",
                    "joint": {
                        "x": 0.7603506,
                        "y": 0.02752301655
                    }
                },
                {
                    "identity": "7",
                    "joint": {
                        "x": 0.68126825,
                        "y": 0.3606010375
                    }
                }
            ]
        },
        {
            "frame_index": 281,
            "joints": [
                {
                    "identity": "0",
                    "joint": {
                        "x": 0.625298374,
                        "y": 0.021391808550000002
                    }
                },
                {
                    "identity": "1",
                    "joint": {
                        "x": 0.5106418500000001,
                        "y": 0.1106009055
                    }
                },
                {
                    "identity": "10",
                    "joint": {
                        "x": 0.9240347195,
                        "y": 0.12700188899999998
                    }
                },
                {
                    "identity": "3",
                    "joint": {
                        "x": 0.6414252819999999,
                        "y": 0.1483844895
                    }
                },
                {
                    "identity": "4",
                    "joint": {
                        "x": 0.8378806409999999,
                        "y": 0.0410116765
                    }
                },
                {
                    "identity": "6",
                    "joint": {
                        "x": 0.759790031,
                        "y": 0.02767629645
                    }
                },
                {
                    "identity": "7",
                    "joint": {
                        "x": 0.6777324,
                        "y": 0.356692362
                    }
                }
            ]
        },
        {
            "frame_index": 287,
            "joints": [
                {
                    "identity": "0",
                    "joint": {
                        "x": 0.623099238,
                        "y": 0.0197057232
                    }
                },
                {
                    "identity": "1",
                    "joint": {
                        "x": 0.51167675,
                        "y": 0.11236362899999999
                    }
                },
                {
                    "identity": "10",
                    "joint": {
                        "x": 0.9261044805,
                        "y": 0.12930110849999998
                    }
                },
                {
                    "identity": "3",
                    "joint": {
                        "x": 0.6508254715,
                        "y": 0.1429430405
                    }
                },
                {
                    "identity": "4",
                    "joint": {
                        "x": 0.8396054504999999,
                        "y": 0.0413948785
                    }
                },
                {
                    "identity": "6",
                    "joint": {
                        "x": 0.7606093684999999,
                        "y": 0.0292090967
                    }
                },
                {
                    "identity": "7",
                    "joint": {
                        "x": 0.673765325,
                        "y": 0.3529369235
                    }
                }
            ]
        },
        {
            "frame_index": 293,
            "joints": [
                {
                    "identity": "0",
                    "joint": {
                        "x": 0.6234872325,
                        "y": 0.02054876275
                    }
                },
                {
                    "identity": "1",
                    "joint": {
                        "x": 0.513185969,
                        "y": 0.11236363099999999
                    }
                },
                {
                    "identity": "10",
                    "joint": {
                        "x": 0.9299852200000001,
                        "y": 0.132979818
                    }
                },
                {
                    "identity": "3",
                    "joint": {
                        "x": 0.6551805845,
                        "y": 0.141793437
                    }
                },
                {
                    "identity": "4",
                    "joint": {
                        "x": 0.8399504,
                        "y": 0.041471518900000004
                    }
                },
                {
                    "identity": "6",
                    "joint": {
                        "x": 0.7603506,
                        "y": 0.0298988605
                    }
                },
                {
                    "identity": "7",
                    "joint": {
                        "x": 0.6713506155,
                        "y": 0.352323817
                    }
                }
            ]
        },
        {
            "frame_index": 299,
            "joints": [
                {
                    "identity": "0",
                    "joint": {
                        "x": 0.6236597715000001,
                        "y": 0.0212385273
                    }
                },
                {
                    "identity": "1",
                    "joint": {
                        "x": 0.513444681,
                        "y": 0.11734523250000001
                    }
                },
                {
                    "identity": "10",
                    "joint": {
                        "x": 0.9320550000000001,
                        "y": 0.132060133
                    }
                },
                {
                    "identity": "3",
                    "joint": {
                        "x": 0.6616917775,
                        "y": 0.13895774249999998
                    }
                },
                {
                    "identity": "4",
                    "joint": {
                        "x": 0.839950372,
                        "y": 0.041471518900000004
                    }
                },
                {
                    "identity": "6",
                    "joint": {
                        "x": 0.7602643825,
                        "y": 0.0285959812
                    }
                },
                {
                    "identity": "7",
                    "joint": {
                        "x": 0.671523129,
                        "y": 0.35048443100000004
                    }
                }
            ]
        }
    ]
}